{"cameraMode":{"drawMode":0,"name":"Shaded","section":"Shading Mode"},"sceneLighting":true,"audioPlay":false,"sceneViewState":{"m_AlwaysRefresh":false,"showFog":true,"showSkybox":true,"showFlares":true,"showImageEffects":true,"showParticleSystems":true,"showVisualEffectGraphs":true,"m_FxEnabled":true},"in2DMode":false,"pivot":{"x":-41.3070068359375,"y":51.51775360107422,"z":192.04437255859376},"rotation":{"x":-0.09902500361204148,"y":-0.17785155773162843,"z":0.017962606623768808,"w":-0.9789160490036011},"size":234.34803771972657,"orthographic":false}